[
  {
    "id": "4f7dca76-aa4f-4046-a32c-6e6399b68b20",
    "data": [
      {
        "text": "明天下午三點",
        "meta": "@sys.date-time",
        "alias": "date-time",
        "userDefined": false
      },
      {
        "text": "6",
        "meta": "@sys.number",
        "alias": "number",
        "userDefined": false
      },
      {
        "text": "個人訂位",
        "userDefined": false
      }
    ],
    "isTemplate": false,
    "count": 0,
    "lang": "zh-tw",
    "updated": 0
  },
  {
    "id": "36b41688-3e34-414a-a26f-6e25b81d031a",
    "data": [
      {
        "text": "今天晚上六點",
        "meta": "@sys.date-time",
        "alias": "date-time",
        "userDefined": false
      }
    ],
    "isTemplate": false,
    "count": 0,
    "lang": "zh-tw",
    "updated": 0
  },
  {
    "id": "b01a7a3f-393a-44db-bef6-acac1f1a5ade",
    "data": [
      {
        "text": "4人位",
        "meta": "@sys.number",
        "alias": "number",
        "userDefined": false
      }
    ],
    "isTemplate": false,
    "count": 0,
    "lang": "zh-tw",
    "updated": 0
  },
  {
    "id": "5396b2d3-5cb2-430c-8120-3714998acee7",
    "data": [
      {
        "text": "三個人",
        "meta": "@sys.number",
        "alias": "number",
        "userDefined": false
      },
      {
        "text": "訂位",
        "userDefined": false
      }
    ],
    "isTemplate": false,
    "count": 0,
    "lang": "zh-tw",
    "updated": 0
  },
  {
    "id": "85a097e0-8af2-4e19-9250-fb102c6ff041",
    "data": [
      {
        "text": "明天1點",
        "meta": "@sys.date-time",
        "alias": "date-time",
        "userDefined": false
      },
      {
        "text": "4個人訂位",
        "userDefined": false
      }
    ],
    "isTemplate": false,
    "count": 0,
    "lang": "zh-tw",
    "updated": 0
  },
  {
    "id": "6727c0ce-cb17-472a-b65a-b48d0d5d32cb",
    "data": [
      {
        "text": "訂位",
        "userDefined": false
      }
    ],
    "isTemplate": false,
    "count": 0,
    "lang": "zh-tw",
    "updated": 0
  },
  {
    "id": "d65c78da-0afd-4c86-adfe-6186bed5d31b",
    "data": [
      {
        "text": "我要訂位",
        "userDefined": false
      }
    ],
    "isTemplate": false,
    "count": 0,
    "lang": "zh-tw",
    "updated": 0
  }
]