[
  {
    "id": "91b3ed85-1a69-480c-860e-2b0ab3404159",
    "data": [
      {
        "text": "平日幾點開始",
        "userDefined": false
      }
    ],
    "isTemplate": false,
    "count": 0,
    "lang": "zh-tw",
    "updated": 0
  },
  {
    "id": "e6a970f5-1929-43e8-aa89-976b9500663f",
    "data": [
      {
        "text": "週末有開嗎",
        "userDefined": false
      }
    ],
    "isTemplate": false,
    "count": 0,
    "lang": "zh-tw",
    "updated": 0
  },
  {
    "id": "769817ba-4d74-4fc9-82c2-912078be6045",
    "data": [
      {
        "text": "假日有營業嗎",
        "userDefined": false
      }
    ],
    "isTemplate": false,
    "count": 0,
    "lang": "zh-tw",
    "updated": 0
  },
  {
    "id": "058f1eae-ea22-4f2e-a002-63dda4aeb787",
    "data": [
      {
        "text": "星期幾有營業",
        "userDefined": false
      }
    ],
    "isTemplate": false,
    "count": 0,
    "lang": "zh-tw",
    "updated": 0
  },
  {
    "id": "b0a5652f-dc48-4417-80ab-95c7b700aeee",
    "data": [
      {
        "text": "最早幾點可以吃",
        "userDefined": false
      }
    ],
    "isTemplate": false,
    "count": 0,
    "lang": "zh-tw",
    "updated": 0
  },
  {
    "id": "0111858b-46e7-4290-b2e1-5bfee852f5ad",
    "data": [
      {
        "text": "最晚幾點可以訂位",
        "userDefined": false
      }
    ],
    "isTemplate": false,
    "count": 0,
    "lang": "zh-tw",
    "updated": 0
  },
  {
    "id": "82948e03-0399-46f4-acdd-cc3be759e688",
    "data": [
      {
        "text": "晚餐時間",
        "userDefined": false
      }
    ],
    "isTemplate": false,
    "count": 0,
    "lang": "zh-tw",
    "updated": 0
  },
  {
    "id": "64f38aee-af26-4ce8-abd3-b07981c57dfd",
    "data": [
      {
        "text": "午餐時間",
        "userDefined": false
      }
    ],
    "isTemplate": false,
    "count": 0,
    "lang": "zh-tw",
    "updated": 0
  },
  {
    "id": "ed8339fa-b1d7-48d5-a99b-fca70a0da85c",
    "data": [
      {
        "text": "請問營業時間幾點到幾點",
        "userDefined": false
      }
    ],
    "isTemplate": false,
    "count": 0,
    "lang": "zh-tw",
    "updated": 0
  },
  {
    "id": "83404611-b31c-4e52-b57f-d7d19fd5db5a",
    "data": [
      {
        "text": "你們幾點開門",
        "userDefined": false
      }
    ],
    "isTemplate": false,
    "count": 0,
    "lang": "zh-tw",
    "updated": 0
  },
  {
    "id": "c893d696-c127-4443-90c5-99b04b33f10c",
    "data": [
      {
        "text": "幾點關門",
        "userDefined": false
      }
    ],
    "isTemplate": false,
    "count": 0,
    "lang": "zh-tw",
    "updated": 0
  },
  {
    "id": "343a5317-4755-4dd0-8cd9-5c9b81823c4e",
    "data": [
      {
        "text": "請問你們幾點",
        "userDefined": false
      },
      {
        "text": "開始",
        "userDefined": false
      },
      {
        "text": "營業",
        "userDefined": false
      }
    ],
    "isTemplate": false,
    "count": 0,
    "lang": "zh-tw",
    "updated": 0
  },
  {
    "id": "3646f9ba-e78a-417c-a0cb-b0c7453677e8",
    "data": [
      {
        "text": "營業時間",
        "userDefined": false
      }
    ],
    "isTemplate": false,
    "count": 0,
    "lang": "zh-tw",
    "updated": 0
  }
]