[
  {
    "id": "135b3e71-4cc1-4882-9460-94107118d465",
    "data": [
      {
        "text": "算了",
        "userDefined": false
      }
    ],
    "isTemplate": false,
    "count": 0,
    "lang": "zh-tw",
    "updated": 0
  },
  {
    "id": "d1a199bd-0a41-4504-ae8d-d08af2ff5b61",
    "data": [
      {
        "text": "取消訂位",
        "userDefined": false
      }
    ],
    "isTemplate": false,
    "count": 0,
    "lang": "zh-tw",
    "updated": 0
  },
  {
    "id": "a51a8a82-dc85-40eb-8d71-c52813ea83be",
    "data": [
      {
        "text": "我不要了",
        "userDefined": false
      }
    ],
    "isTemplate": false,
    "count": 0,
    "lang": "zh-tw",
    "updated": 0
  }
]