[
  {
    "id": "135102fb-e728-41eb-bcd4-f914204a02d9",
    "data": [
      {
        "text": "不對",
        "userDefined": false
      }
    ],
    "isTemplate": false,
    "count": 0,
    "lang": "zh-tw",
    "updated": 0
  },
  {
    "id": "b586f5ad-a300-4269-92cf-d3dfcd863764",
    "data": [
      {
        "text": "重新訂",
        "userDefined": false
      }
    ],
    "isTemplate": false,
    "count": 0,
    "lang": "zh-tw",
    "updated": 0
  },
  {
    "id": "7a8e3abe-1c28-4f42-a643-7d2adb188060",
    "data": [
      {
        "text": "不是",
        "userDefined": false
      }
    ],
    "isTemplate": false,
    "count": 0,
    "lang": "zh-tw",
    "updated": 0
  },
  {
    "id": "eed40b26-bc7d-4f72-be75-7115b89b71ab",
    "data": [
      {
        "text": "不好",
        "userDefined": false
      }
    ],
    "isTemplate": false,
    "count": 0,
    "lang": "zh-tw",
    "updated": 0
  },
  {
    "id": "8a8d55bc-f788-4824-b59f-96b6260c3703",
    "data": [
      {
        "text": "cancel",
        "userDefined": false
      }
    ],
    "isTemplate": false,
    "count": 0,
    "lang": "zh-tw",
    "updated": 0
  },
  {
    "id": "517527a6-f1b3-481f-973b-de3cace930fe",
    "data": [
      {
        "text": "no",
        "userDefined": false
      }
    ],
    "isTemplate": false,
    "count": 0,
    "lang": "zh-tw",
    "updated": 0
  },
  {
    "id": "86d2800e-c349-408f-b4ce-cca02aea5b9d",
    "data": [
      {
        "text": "錯誤",
        "userDefined": false
      }
    ],
    "isTemplate": false,
    "count": 0,
    "lang": "zh-tw",
    "updated": 0
  },
  {
    "id": "61775877-12fe-4a03-872d-b2b4b1d57de9",
    "data": [
      {
        "text": "算了",
        "userDefined": false
      }
    ],
    "isTemplate": false,
    "count": 0,
    "lang": "zh-tw",
    "updated": 0
  },
  {
    "id": "31b54f27-32e2-4a38-93a5-a52edfa3210d",
    "data": [
      {
        "text": "取消",
        "userDefined": false
      }
    ],
    "isTemplate": false,
    "count": 0,
    "lang": "zh-tw",
    "updated": 0
  },
  {
    "id": "e5a69d02-7cbd-4ad9-881e-f26122a58e56",
    "data": [
      {
        "text": "不要",
        "userDefined": false
      }
    ],
    "isTemplate": false,
    "count": 0,
    "lang": "zh-tw",
    "updated": 0
  }
]