[
  {
    "id": "5d032c10-f04e-461e-9ae5-7fc9e06b19e6",
    "data": [
      {
        "text": "就這樣",
        "userDefined": false
      }
    ],
    "isTemplate": false,
    "count": 0,
    "lang": "zh-tw",
    "updated": 0
  },
  {
    "id": "1a4c34be-3acd-4d82-8dd5-682025288aa0",
    "data": [
      {
        "text": "ok",
        "userDefined": false
      }
    ],
    "isTemplate": false,
    "count": 1,
    "lang": "zh-tw",
    "updated": 0
  },
  {
    "id": "f09dac93-9613-436a-a9d5-db7801025165",
    "data": [
      {
        "text": "對的",
        "userDefined": false
      }
    ],
    "isTemplate": false,
    "count": 1,
    "lang": "zh-tw",
    "updated": 0
  },
  {
    "id": "c2b9325d-6121-4ba6-85c5-27f1bd8feae2",
    "data": [
      {
        "text": "可以",
        "userDefined": false
      }
    ],
    "isTemplate": false,
    "count": 0,
    "lang": "zh-tw",
    "updated": 0
  },
  {
    "id": "10eb42a2-a9a3-428d-ad57-03df268051de",
    "data": [
      {
        "text": "好",
        "userDefined": false
      }
    ],
    "isTemplate": false,
    "count": 0,
    "lang": "zh-tw",
    "updated": 0
  },
  {
    "id": "6116dfaf-9d4c-4de0-8a1c-697c09935b3d",
    "data": [
      {
        "text": "正確",
        "userDefined": false
      }
    ],
    "isTemplate": false,
    "count": 0,
    "lang": "zh-tw",
    "updated": 0
  },
  {
    "id": "8ec3e27f-77e6-4e9f-b735-dd8d80316412",
    "data": [
      {
        "text": "確認",
        "userDefined": false
      }
    ],
    "isTemplate": false,
    "count": 0,
    "lang": "zh-tw",
    "updated": 0
  },
  {
    "id": "1b55f5ad-1609-4ff1-afec-be9d5e700bd5",
    "data": [
      {
        "text": "沒錯",
        "userDefined": false
      }
    ],
    "isTemplate": false,
    "count": 0,
    "lang": "zh-tw",
    "updated": 0
  },
  {
    "id": "ee20333c-343e-4e00-b99e-8ad0f5f6e005",
    "data": [
      {
        "text": "是的",
        "userDefined": false
      }
    ],
    "isTemplate": false,
    "count": 0,
    "lang": "zh-tw",
    "updated": 0
  },
  {
    "id": "6c1a6324-1a85-42af-820f-dda44912bf9f",
    "data": [
      {
        "text": "對",
        "userDefined": false
      }
    ],
    "isTemplate": false,
    "count": 0,
    "lang": "zh-tw",
    "updated": 0
  }
]