[
  {
    "id": "a84e176f-ec5c-47f2-977c-e67cd53aad77",
    "data": [
      {
        "text": "訂位",
        "userDefined": false
      }
    ],
    "isTemplate": false,
    "count": 0,
    "lang": "zh-tw",
    "updated": 0
  },
  {
    "id": "84dca74b-3127-4b6e-953e-2ddba57a4dc0",
    "data": [
      {
        "text": "請問有位子嗎",
        "userDefined": false
      }
    ],
    "isTemplate": false,
    "count": 0,
    "lang": "zh-tw",
    "updated": 0
  },
  {
    "id": "6a31459c-76d7-46fc-b192-bfebc0c43cf5",
    "data": [
      {
        "text": "我想訂位",
        "userDefined": false
      }
    ],
    "isTemplate": false,
    "count": 0,
    "lang": "zh-tw",
    "updated": 0
  },
  {
    "id": "6f140ed0-b7e2-4d4a-8da1-0781ccaf3a5a",
    "data": [
      {
        "text": "嗨",
        "userDefined": false
      }
    ],
    "isTemplate": false,
    "count": 0,
    "lang": "zh-tw",
    "updated": 0
  },
  {
    "id": "71dbd705-c26c-42b6-b3a9-e4effda8fa75",
    "data": [
      {
        "text": "你好",
        "userDefined": false
      }
    ],
    "isTemplate": false,
    "count": 0,
    "lang": "zh-tw",
    "updated": 0
  },
  {
    "id": "85c7fdeb-3507-481a-ad5e-64c2d25cce50",
    "data": [
      {
        "text": "您好",
        "userDefined": false
      }
    ],
    "isTemplate": false,
    "count": 0,
    "lang": "zh-tw",
    "updated": 0
  }
]